{
    "global": {
        "NAME": "Rat-VN-0"
    },
    "scalebar_length": 200,
    "nerve": {
        "a": 143.90307329876603,
        "b": 162.10224531296146,
        "rot": 0
    },
    "figure": {
        "fig_margin": 1.2,
        "fig_dpi": 1000
    },
    "populate": {
        "mode": "EXPLICIT",
        "min_fascicle_separation": 5,
        "Fascicles": [
            {
                "centroid_x": -38.417103434202986,
                "centroid_y": -72.61983485453713,
                "a": 61.83326127885303,
                "b": 65.31832821360412,
                "rot": 0
            }
        ]
    }
}