{
    "global": {
        "NAME": "Rat-VN-0"
    },
    "scalebar_length": 200,
    "nerve": {
        "a": 281.3792025907538,
        "b": 150.08350194957862,
        "rot": 0
    },
    "figure": {
        "fig_margin": 1.2,
        "fig_dpi": 1000
    },
    "populate": {
        "mode": "EXPLICIT",
        "min_fascicle_separation": 5,
        "Fascicles": [
            {
                "centroid_x": 1.5288841661441808,
                "centroid_y": -0.6358803236517439,
                "a": 247.8737729506662,
                "b": 120.19235884486733,
                "rot": 0
            }
        ]
    }
}