{
    "global": {
        "NAME": "Rat-VN-0"
    },
    "scalebar_length": 200,
    "nerve": {
        "a": 108.08258455970041,
        "b": 122.86393202009826,
        "rot": 3.199199430880986
    },
    "figure": {
        "fig_margin": 1.2,
        "fig_dpi": 1000
    },
    "populate": {
        "mode": "EXPLICIT",
        "min_fascicle_separation": 5,
        "Fascicles": [
            {
                "centroid_x": 4.078069693408448,
                "centroid_y": -0.06106852934496465,
                "a": 96.40008627273728,
                "b": 117.5868677752248,
                "rot": 0
            }
        ]
    }
}