{
    "global": {
        "NAME": "Rat-VN-0"
    },
    "scalebar_length": 200,
    "nerve": {
        "a": 136.81285410250123,
        "b": 119.57874906613264,
        "rot": 0
    },
    "figure": {
        "fig_margin": 1.2,
        "fig_dpi": 1000
    },
    "populate": {
        "mode": "EXPLICIT",
        "min_fascicle_separation": 5,
        "Fascicles": [
            {
                "centroid_x": 6.812610935923598,
                "centroid_y": -2.7310288939254415,
                "a": 115.77645668846085,
                "b": 104.38438516647949,
                "rot": 0
            }
        ]
    }
}