{
    "global": {
        "NAME": "Rat-VN-1"
    },
    "scalebar_length": 200,
    "nerve": {
        "a": 273.2305412286922,
        "b": 156.0670043645218,
        "rot": 0
    },
    "figure": {
        "fig_margin": 1.2,
        "fig_dpi": 1000
    },
    "populate": {
        "mode": "EXPLICIT",
        "min_fascicle_separation": 5,
        "Fascicles": [
            {
                "centroid_x": -1.8877679426003073,
                "centroid_y": 8.798066567327009,
                "a": 260.2671493101986,
                "b": 112.73350762241374,
                "rot": 0
            }
        ]
    }
}