{
    "global": {
        "NAME": "Rat-VN-1"
    },
    "scalebar_length": 200,
    "nerve": {
        "a": 194.3389511161084,
        "b": 114.75536070021879,
        "rot": 0
    },
    "figure": {
        "fig_margin": 1.2,
        "fig_dpi": 1000
    },
    "populate": {
        "mode": "EXPLICIT",
        "min_fascicle_separation": 5,
        "Fascicles": [
            {
                "centroid_x": 1.5231211564697116,
                "centroid_y": -2.029158741106725,
                "a": 176.34774011956088,
                "b": 91.00475347338805,
                "rot": 0
            }
        ]
    }
}