{
    "global": {
        "NAME": "Rat-VN-2"
    },
    "scalebar_length": 200,
    "nerve": {
        "a": 239.8193401791353,
        "b": 132.25046572205986,
        "rot": 0
    },
    "figure": {
        "fig_margin": 1.2,
        "fig_dpi": 1000
    },
    "populate": {
        "mode": "EXPLICIT",
        "min_fascicle_separation": 5,
        "Fascicles": [
            {
                "centroid_x": -7.631262504355836,
                "centroid_y": -4.232417481875146,
                "a": 214.083738351072,
                "b": 92.60874375877272,
                "rot": 0
            }
        ]
    }
}