{
    "global": {
        "NAME": "Rat-VN-2"
    },
    "scalebar_length": 200,
    "nerve": {
        "a": 292.657623921616,
        "b": 159.53196982007228,
        "rot": 0
    },
    "figure": {
        "fig_margin": 1.2,
        "fig_dpi": 1000
    },
    "populate": {
        "mode": "EXPLICIT",
        "min_fascicle_separation": 5,
        "Fascicles": [
            {
                "centroid_x": -0.25671519308517254,
                "centroid_y": -8.324435474981302,
                "a": 253.70160051513483,
                "b": 106.51076826461284,
                "rot": 0
            }
        ]
    }
}