{
    "global": {
        "NAME": "Rat-VN-3"
    },
    "scalebar_length": 200,
    "nerve": {
        "a": 228.9623146509207,
        "b": 137.01808008467825,
        "rot": 0
    },
    "figure": {
        "fig_margin": 1.2,
        "fig_dpi": 1000
    },
    "populate": {
        "mode": "EXPLICIT",
        "min_fascicle_separation": 5,
        "Fascicles": [
            {
                "centroid_x": -8.624051099299542,
                "centroid_y": -2.204519968423309,
                "a": 202.2555553933486,
                "b": 108.7336913545628,
                "rot": 0
            }
        ]
    }
}