{
    "global": {
        "NAME": "Rat-VN-3"
    },
    "scalebar_length": 200,
    "nerve": {
        "a": 258.74811207537925,
        "b": 120.35167472945425,
        "rot": 0
    },
    "figure": {
        "fig_margin": 1.2,
        "fig_dpi": 1000
    },
    "populate": {
        "mode": "EXPLICIT",
        "min_fascicle_separation": 5,
        "Fascicles": [
            {
                "centroid_x": 3.566014466553673,
                "centroid_y": -2.804743595432977,
                "a": 229.70903907022085,
                "b": 95.67450806743555,
                "rot": 0
            }
        ]
    }
}