{
    "global": {
        "NAME": "Rat-VN-4"
    },
    "scalebar_length": 200,
    "nerve": {
        "a": 203.069246994253,
        "b": 116.0988438177354,
        "rot": 0
    },
    "figure": {
        "fig_margin": 1.2,
        "fig_dpi": 1000
    },
    "populate": {
        "mode": "EXPLICIT",
        "min_fascicle_separation": 5,
        "Fascicles": [
            {
                "centroid_x": -0.29076435317833216,
                "centroid_y": -5.624062349962228,
                "a": 192.67164308493642,
                "b": 91.79909773986765,
                "rot": 0
            }
        ]
    }
}