{
    "global": {
        "NAME": "Rat-VN-4"
    },
    "scalebar_length": 200,
    "nerve": {
        "a": 272.97415879647656,
        "b": 135.58675941728816,
        "rot": 0
    },
    "figure": {
        "fig_margin": 1.2,
        "fig_dpi": 1000
    },
    "populate": {
        "mode": "EXPLICIT",
        "min_fascicle_separation": 5,
        "Fascicles": [
            {
                "centroid_x": 6.086053994470248,
                "centroid_y": 4.083031835130765,
                "a": 218.8155799774681,
                "b": 105.71963739341865,
                "rot": 0
            }
        ]
    }
}