{
    "global": {
        "NAME": "Rat-VN-5"
    },
    "scalebar_length": 200,
    "nerve": {
        "a": 249.8816992166466,
        "b": 134.93475082420716,
        "rot": 0
    },
    "figure": {
        "fig_margin": 1.2,
        "fig_dpi": 1000
    },
    "populate": {
        "mode": "EXPLICIT",
        "min_fascicle_separation": 5,
        "Fascicles": [
            {
                "centroid_x": 0.10540558749944928,
                "centroid_y": 7.503923794912421,
                "a": 243.80519865508495,
                "b": 103.49983141532634,
                "rot": 0
            }
        ]
    }
}