{
    "global": {
        "NAME": "Rat-VN-5"
    },
    "scalebar_length": 200,
    "nerve": {
        "a": 313.0629892846302,
        "b": 157.60920615586463,
        "rot": 0
    },
    "figure": {
        "fig_margin": 1.2,
        "fig_dpi": 1000
    },
    "populate": {
        "mode": "EXPLICIT",
        "min_fascicle_separation": 5,
        "Fascicles": [
            {
                "centroid_x": -5.588807434590047,
                "centroid_y": 4.969808096860156,
                "a": 249.0138990797914,
                "b": 132.0666095005878,
                "rot": 0
            }
        ]
    }
}