{
    "global": {
        "NAME": "Rat-VN-6"
    },
    "scalebar_length": 200,
    "nerve": {
        "a": 254.52731321871772,
        "b": 142.8078622364083,
        "rot": 0
    },
    "figure": {
        "fig_margin": 1.2,
        "fig_dpi": 1000
    },
    "populate": {
        "mode": "EXPLICIT",
        "min_fascicle_separation": 5,
        "Fascicles": [
            {
                "centroid_x": -8.768223741348969,
                "centroid_y": 9.357315653241681,
                "a": 211.18583355433773,
                "b": 116.39381425311049,
                "rot": 0
            }
        ]
    }
}