{
    "global": {
        "NAME": "Rat-VN-6"
    },
    "scalebar_length": 200,
    "nerve": {
        "a": 308.93220885808614,
        "b": 134.53698209241605,
        "rot": 0
    },
    "figure": {
        "fig_margin": 1.2,
        "fig_dpi": 1000
    },
    "populate": {
        "mode": "EXPLICIT",
        "min_fascicle_separation": 5,
        "Fascicles": [
            {
                "centroid_x": 9.977097302276135,
                "centroid_y": 4.045763701077421,
                "a": 271.0222688910368,
                "b": 123.05817775215857,
                "rot": 0
            }
        ]
    }
}