{
    "global": {
        "NAME": "Rat-VN-7"
    },
    "scalebar_length": 200,
    "nerve": {
        "a": 225.33373914679152,
        "b": 128.30957265243373,
        "rot": 0
    },
    "figure": {
        "fig_margin": 1.2,
        "fig_dpi": 1000
    },
    "populate": {
        "mode": "EXPLICIT",
        "min_fascicle_separation": 5,
        "Fascicles": [
            {
                "centroid_x": 2.169208873892156,
                "centroid_y": -4.436712561739928,
                "a": 217.84226541063614,
                "b": 109.08376700807673,
                "rot": 0
            }
        ]
    }
}