{
    "global": {
        "NAME": "Rat-VN-7"
    },
    "scalebar_length": 200,
    "nerve": {
        "a": 245.41866252341694,
        "b": 142.42500441502645,
        "rot": 0
    },
    "figure": {
        "fig_margin": 1.2,
        "fig_dpi": 1000
    },
    "populate": {
        "mode": "EXPLICIT",
        "min_fascicle_separation": 5,
        "Fascicles": [
            {
                "centroid_x": 0.21220455720310127,
                "centroid_y": -4.865363687088379,
                "a": 214.79144255863045,
                "b": 117.64357154315434,
                "rot": 0
            }
        ]
    }
}