{
    "global": {
        "NAME": "Rat-VN-8"
    },
    "scalebar_length": 200,
    "nerve": {
        "a": 272.96106034417187,
        "b": 140.65261804645567,
        "rot": 0
    },
    "figure": {
        "fig_margin": 1.2,
        "fig_dpi": 1000
    },
    "populate": {
        "mode": "EXPLICIT",
        "min_fascicle_separation": 5,
        "Fascicles": [
            {
                "centroid_x": 9.207225519921547,
                "centroid_y": -4.082523794701391,
                "a": 213.37769595016803,
                "b": 95.24034083949329,
                "rot": 0
            }
        ]
    }
}