{
    "global": {
        "NAME": "Rat-VN-8"
    },
    "scalebar_length": 200,
    "nerve": {
        "a": 285.9901032149689,
        "b": 128.17323103945128,
        "rot": 0
    },
    "figure": {
        "fig_margin": 1.2,
        "fig_dpi": 1000
    },
    "populate": {
        "mode": "EXPLICIT",
        "min_fascicle_separation": 5,
        "Fascicles": [
            {
                "centroid_x": 2.164168392562324,
                "centroid_y": -0.27792329262862303,
                "a": 233.24709920832962,
                "b": 121.19727396880697,
                "rot": 0
            }
        ]
    }
}