{
    "global": {
        "NAME": "Rat-VN-9"
    },
    "scalebar_length": 200,
    "nerve": {
        "a": 289.6665040592307,
        "b": 148.61254091802437,
        "rot": 0
    },
    "figure": {
        "fig_margin": 1.2,
        "fig_dpi": 1000
    },
    "populate": {
        "mode": "EXPLICIT",
        "min_fascicle_separation": 5,
        "Fascicles": [
            {
                "centroid_x": -9.167604247338447,
                "centroid_y": 7.080594644843504,
                "a": 246.12745926840378,
                "b": 103.53190768857787,
                "rot": 0
            }
        ]
    }
}