{
    "global": {
        "NAME": "Rat-VN-9"
    },
    "scalebar_length": 200,
    "nerve": {
        "a": 352.0807359192368,
        "b": 151.30025874920335,
        "rot": 0
    },
    "figure": {
        "fig_margin": 1.2,
        "fig_dpi": 1000
    },
    "populate": {
        "mode": "EXPLICIT",
        "min_fascicle_separation": 5,
        "Fascicles": [
            {
                "centroid_x": 5.505095524684203,
                "centroid_y": -4.2587341843835835,
                "a": 181.73151749544337,
                "b": 106.41189385619674,
                "rot": 0
            }
        ]
    }
}